model,loglik,AIC,AICc,root_prior
wind_animal_ARD,-205.38949857938965,414.7789971587793,414.78949584644334,yang
wind_animal_ER,-205.6415590243256,413.2831180486512,413.2866145521477,yang
vert_insect_ARD,-156.80514910226742,317.61029820453484,317.62279820453483,yang
vert_insect_ER,-172.7710992229962,347.5421984459924,347.54636077689776,yang
