Estimate,StdErr,z.value,lowerbootCI,upperbootCI,p.value,name
2.3709273463708334,1.934074921238532,1.2258715111473304,-0.1227538696288557,2.3709273463708334,0.22024703109165372,(Intercept)
-0.3575759165199839,0.22502692250377643,-1.5890361586133455,-0.6220474289827669,-0.3575759165199839,0.112052229522589,SB501
-0.5861365464588764,0.5084423408113371,-1.1528082919364273,-0.6620956159490213,-0.5841042194996944,0.2489890801909012,SB502
1.9373447861964057,1.7012901813601848,1.1387503480725991,-0.8222254141849811,1.9373447861964057,0.2548072964703983,(Intercept)1
0.4335825601744342,0.306690530293471,1.4137461621639922,0.42576928172002826,0.768515687431505,0.15743644619699673,SB50_trop1
2.203816539847024,1.9156020742074424,1.1504563340791052,-0.5450201512779366,2.203816539847024,0.24995596911409534,(Intercept)2
-0.41902573993506514,0.5139185019993127,-0.8153544546555858,-0.41902573993506514,-0.23022069482582197,0.41486944683078913,SB50_arid1
2.3709273463708413,1.9628977319522978,1.207871050934843,-0.1817646896138117,2.3709273463708413,0.227096866373607,(Intercept)3
-0.4335825601744359,0.3066905302934771,-1.4137461621639698,-0.7940013191103708,-0.4335825601744359,0.15743644619700337,SB50_temp1
