Estimate,StdErr,z.value,lowerbootCI,upperbootCI,p.value,name
2.6352772136609746,1.2129064849860483,2.172696119842485,2.404569718783333,2.6352772136609746,0.029803196016151855,(Intercept)
-0.021215802280166424,0.010082353537585393,-2.1042509768257305,-0.025865509801870634,-0.021215802280166424,0.03535655991398681,abs_meanlat
1.6709347857676993,0.8278625272633736,2.0183722909783466,1.6709347857676993,1.6709347857676993,0.04355250295504777,(Intercept)1
0.01621958587525931,0.007217192580376053,2.2473538976029634,0.01621958587525931,0.01621958587525931,0.024617418876826645,meanLAI
