Estimate,StdErr,z.value,lowerbootCI,upperbootCI,p.value,name
2.635277213660977,1.2129064849860536,2.1726961198424775,2.4157210317068607,2.635277213660977,0.02980319601615243,(Intercept)
-0.02121580228016646,0.010082353537585322,-2.1042509768257487,-0.03282635408083965,-0.02121580228016646,0.035356559913985224,abs_meanlat
1.6709347857676997,0.8278625272635766,2.0183722909778523,1.6709347857676997,1.6709347857676997,0.04355250295509921,(Intercept)1
0.016219585875259308,0.007217192580379416,2.2473538976019154,0.016219585875259308,0.016219585875259308,0.024617418876893567,meanLAI
